id,age,site,fold,pred,pred_corrected,gap,gap_corrected
2,35.800136892539356,Guys,4,42.1406364440918,39.499859635423824,6.3404995515524405,3.699722742884468
12,38.78165639972622,HH,1,41.150230407714844,38.10499659037998,2.3685740079886273,-0.6766598093462335
13,46.71047227926078,HH,1,44.41829299926758,42.792963919314076,-2.2921792799931993,-3.9175083599467015
14,34.23682409308692,HH,1,33.782779693603516,29.923649677525965,-0.4540443994834078,-4.313174415560958
15,24.28473648186174,HH,1,37.6609992980957,32.019633481497735,13.376262816233965,7.734896999635996
16,55.167693360711844,Guys,1,72.3352279663086,72.22443178633968,17.16753460559675,17.056738425627834
17,29.09240246406571,Guys,4,27.358699798583984,23.1095060696256,-1.7337026654817258,-5.982896394440111
19,58.65845311430527,Guys,5,59.268585205078125,60.530163474684336,0.6101320907728578,1.871710360379069
20,39.46611909650924,Guys,4,40.615234375,38.85350659900102,1.1491152784907612,-0.6126124975082163
21,21.56605065023956,Guys,3,33.559173583984375,30.009043440188787,11.993122933744814,8.442992789949226
22,30.67214236824093,Guys,4,38.31425094604492,34.443855577528204,7.642108577803992,3.771713209287274
23,33.07871321013005,Guys,3,32.46855926513672,29.839800310124758,-0.6101539449933284,-3.238912900005289
24,37.6974674880219,Guys,4,22.790678024291992,20.604853670658237,-14.906789463729908,-17.092613817363663
25,29.779603011635867,Guys,3,42.12443161010742,39.23164129600057,12.344828598471555,9.4520382843647
26,34.47775496235455,Guys,2,32.84119415283203,29.96413321820137,-1.6365608095225213,-4.513621744153184
27,30.417522245037645,Guys,1,29.01990509033203,24.47680840689851,-1.397617154705614,-5.940713838139136
28,74.02600958247776,Guys,3,70.82318115234375,71.47148029790189,-3.202828430134005,-2.554529284575864
29,59.22245037645448,Guys,4,46.85714340209961,49.832696996723186,-12.365306974354873,-9.389753379731296
30,31.460643394934976,Guys,3,22.992156982421875,20.233902172396938,-8.468486412513101,-11.226741222538038
31,31.134839151266256,Guys,2,34.985591888427734,31.499441916706484,3.8507527371614785,0.3646027654402282
33,24.763860369609855,HH,1,29.361249923706055,23.805686415158846,4.5973895540962,-0.9581739544510093
34,24.34223134839151,HH,2,22.73302459716797,18.009241786235105,-1.6092067512235424,-6.332989562156406
35,37.14442162902122,IOP,3,34.6051139831543,32.30173821865146,-2.53930764586692,-4.842683410369759
36,23.537303216974674,Guys,1,24.809284210205078,19.03406694333919,1.2719809932304038,-4.503236273635483
37,37.210130047912386,Guys,5,52.548316955566406,50.18945754361465,15.33818690765402,12.979327495702265
38,21.38261464750171,Guys,5,28.84217071533203,23.811656175493468,7.45955606783032,2.4290415279917568
39,23.34839151266256,HH,3,31.552711486816406,28.1452239427275,8.204319974153847,4.796832430064942
40,44.09308692676249,Guys,5,51.67758560180664,50.48055664760355,7.584498675044152,6.387469720841061
41,27.38945927446954,Guys,3,34.209930419921875,31.12585416912348,6.820471145452334,3.7363948946539374
42,27.822039698836413,Guys,4,27.85812759399414,23.30431931608349,0.0360878951577277,-4.517720382752923
44,44.851471594798085,Guys,4,59.52458190917969,59.05418353311937,14.673110314381603,14.202711938321286
45,40.035592060232716,Guys,1,33.363311767578125,30.54263427794897,-6.672280292654591,-9.492957782283746
46,37.73305954825462,Guys,4,29.721120834350586,27.54383071532795,-8.011938713904037,-10.189228832926673
48,50.65023956194388,HH,4,40.56186294555664,41.48192463843232,-10.088376616387237,-9.16831492351156
49,31.854893908281998,HH,4,35.510433197021484,31.923644714091957,3.6555392887394866,0.06875080580995885
50,63.186858316221766,Guys,3,66.55807495117188,66.33890479016148,3.371216634950109,3.1520464739397127
51,25.741273100616016,HH,3,42.40275955200195,39.18677714606038,16.661486451385937,13.445504045444363
52,33.76317590691308,HH,1,35.239051818847656,31.295100145225177,1.4758759119345797,-2.468075761687899
53,53.30595482546201,Guys,5,63.265830993652344,63.6239170324427,9.959876168190334,10.317962206980688
54,41.752224503764545,Guys,4,44.65568542480469,43.442132667654704,2.9034609210401428,1.6899081638901592
55,49.40451745379877,Guys,3,52.909461975097656,51.5872755838384,3.5049445212988886,2.1827581300396304
56,25.93839835728953,HH,4,25.619606018066406,20.61412771823001,-0.31879233922312267,-5.32427063905952
57,28.15879534565366,HH,5,30.468713760375977,26.582005886386586,2.309918414722315,-1.5767894592670757
58,29.27857631759069,Guys,3,38.26106262207031,35.32817446951495,8.982486304479622,6.049598151924258
59,34.13826146475017,HH,1,30.146791458129883,26.270010416089526,-3.9914700066202897,-7.868251048660646
60,30.699520876112253,Guys,5,24.50358009338379,21.045742008311194,-6.195940782728464,-9.653778867801059
61,59.00342231348392,Guys,3,41.27241134643555,40.71843599585101,-17.73101096704837,-18.284986317632907
62,36.21629021218344,Guys,4,35.33644104003906,32.79545166140281,-0.8798491721443753,-3.42083855078063
63,41.12251882272416,Guys,3,30.88953971862793,28.90453575099391,-10.23297910409623,-12.217983071730249
64,20.071184120465436,Guys,2,34.51210403442383,29.010124019309167,14.440919913958393,8.938939898843731
65,23.71526351813826,Guys,1,44.47606658935547,38.732718585288204,20.760803071217207,15.017455067149942
66,46.168377823408626,Guys,1,55.23836135864258,53.51595300217787,9.069983535233952,7.347575178769247
67,24.689938398357288,HH,1,26.658811569213867,21.090009791194554,1.968873170856579,-3.5999286071627346
68,24.569472963723477,Guys,2,29.38950538635254,24.70712663582815,4.820032422629062,0.1376536721046726
69,26.272416153319643,Guys,2,34.541839599609375,30.169742127133325,8.269423446289732,3.8973259738136825
70,20.698151950718685,Guys,3,25.394481658935547,21.77489258810096,4.696329708216862,1.0767406373822759
71,37.002053388090346,Guys,4,27.92392921447754,25.571354331865024,-9.078124173612807,-11.430699056225322
72,68.60232717316906,HH,4,66.74168395996094,71.96639529650432,-1.860643213208121,3.364068123335258
73,46.365503080082135,Guys,3,53.51213836669922,51.94673605375195,7.146635286617084,5.581232973669813
75,35.9917864476386,Guys,5,36.615196228027344,34.050682974460365,0.6234097803887408,-1.941103473178238
76,55.827515400410675,Guys,1,57.18170166015625,57.1890672055041,1.3541862597455747,1.361551805093427
77,36.479123887748116,Guys,2,36.960506439208984,34.44810010718138,0.48138255146086806,-2.031023780566734
78,28.50650239561944,Guys,1,37.65108871459961,32.76576344946888,9.14458631898017,4.259261053849439
79,52.53388090349076,HH,2,37.7757453918457,38.18856268705779,-14.758135511645058,-14.345318216432972
80,21.19917864476386,HH,4,17.211849212646484,11.069974916776118,-3.9873294321173773,-10.129203727987743
83,30.89390828199863,HH,5,35.43983840942383,32.01481256313221,4.545930127425198,1.1209042811335799
84,38.234086242299796,Guys,1,50.392066955566406,47.24877286964345,12.15798071326661,9.014686627343657
85,31.849418206707735,Guys,2,39.1052360534668,35.74928437125145,7.2558178467590615,3.899866164543713
86,30.069815195071868,Guys,5,32.12507629394531,28.560945099940533,2.0552610988734443,-1.5088700951313356
87,25.661875427789184,Guys,3,22.716581344604492,19.494244538800977,-2.9452940831846917,-6.1676308889882066
90,41.82067077344285,Guys,3,58.40076446533203,56.47163427713171,16.580093691889182,14.650963503688864
91,28.61327857631759,Guys,1,30.763389587402344,25.897186153207635,2.1501110110847534,-2.7160924231099557
92,33.24024640657084,HH,2,24.84621810913086,21.74367915501268,-8.39402829743998,-11.496567251558162
93,26.87748117727584,HH,3,46.87212371826172,43.74707328113341,19.99464254098588,16.86959210385757
94,24.854209445585216,HH,2,23.716602325439453,19.086103411695476,-1.1376071201457627,-5.76810603388974
96,26.924024640657084,HH,1,42.987640380859375,37.81892249024166,16.06361574020229,10.894897849584577
97,35.02258726899384,HH,2,32.117759704589844,29.339968427904118,-2.9048275644039947,-5.68261884108972
99,51.75359342915811,Guys,5,38.109771728515625,38.20582218718511,-13.643821700642484,-13.547771241972995
102,24.621492128678987,HH,2,25.18218421936035,20.50928350257375,0.5606920906813642,-4.112208626105236
103,31.808350444900753,Guys,2,33.482948303222656,30.11951372501339,1.6745978583219028,-1.6888367198873624
105,38.902121834360024,HH,3,33.35710144042969,31.19439653106217,-5.545020393930336,-7.7077253032978525
106,36.67077344284736,Guys,4,25.15480613708496,22.722795184125914,-11.515967305762402,-13.947978258721449
107,31.89596167008898,Guys,1,44.083778381347656,39.80544298850354,12.187816711258677,7.909481318414564
108,43.162217659137575,Guys,1,40.66071319580078,38.39995674517586,-2.5015044633367935,-4.762260913961718
109,36.46817248459959,Guys,3,39.32606506347656,36.96856852059736,2.857892578876971,0.5003960359977668
110,37.765913757700204,Guys,5,35.3536376953125,33.088593952132435,-2.412276062387704,-4.67731980556777
111,25.1854893908282,Guys,4,19.7681941986084,14.582179333679472,-5.4172951922198,-10.603310057148727
112,23.698836413415467,Guys,5,29.349876403808594,24.71033603640764,5.6510399903931265,1.0114996229921722
113,32.36139630390144,Guys,5,32.503761291503906,29.32644490857863,0.14236498760246974,-3.034951395322807
114,65.40999315537303,Guys,1,59.979957580566406,61.70336928692944,-5.430035574806624,-3.706623868443593
115,72.13141683778234,Guys,5,61.88507080078125,65.42085997971448,-10.24634603700109,-6.710556858067861
116,23.8466803559206,Guys,2,26.553977966308594,21.739904138564864,2.707297610387993,-2.106776217355737
118,25.927446954141,Guys,3,30.14236831665039,26.9412855038126,4.21492136250939,1.0138385496716005
119,32.16974674880219,Guys,1,40.65876388549805,36.429458285376924,8.489017136695857,4.259711536574734
120,53.67008898015058,Guys,3,55.85026931762695,54.86946141196506,2.180180337476372,1.1993724318144814
121,35.07186858316222,Guys,2,47.56130599975586,44.792494059253066,12.489437416593638,9.720625476090845
122,22.973305954825463,Guys,5,27.175142288208008,22.413133696569403,4.201836333382545,-0.5601722582560598
123,46.57905544147844,Guys,3,36.05952072143555,34.511209405560976,-10.519534720042891,-12.067846035917462
126,57.22108145106092,HH,5,45.758365631103516,46.77731781504159,-11.462715819957403,-10.443763636019327
127,29.49760438056126,HH,4,28.000093460083008,23.84806103172777,-1.497510920478252,-5.64954334883349
128,27.326488706365502,HH,5,29.146730422973633,25.11953085480401,1.8202417166081304,-2.2069578515614907
129,23.039014373716633,Guys,5,24.8698673248291,20.11895014884084,1.830852951112469,-2.920064224875791
130,38.77344284736482,HH,3,42.51457214355469,40.341568734593494,3.741129296189868,1.5681258872286747
131,45.229295003422315,HH,4,40.05550765991211,39.67570571823801,-5.173787343510206,-5.553589285184309
132,58.71594798083505,HH,5,48.28017807006836,49.551460764944025,-10.435769910766687,-9.164487215891022
134,47.35386721423682,Guys,5,37.41073989868164,36.76412461933598,-9.94312731555518,-10.58974259490084
135,29.00479123887748,Guys,1,31.81850814819336,27.02241729709826,2.813716909315879,-1.982373941779219
136,35.80561259411362,HH,4,30.619115829467773,27.979652542868564,-5.186496764645845,-7.825960051245055
137,41.229295003422315,HH,2,44.73947525024414,43.09256391130675,3.5101802468218253,1.8632689078844322
138,33.138945927446954,Guys,2,40.94063949584961,37.81964351933514,7.801693568402655,4.680697591888183
139,32.936344969199176,Guys,1,44.98073196411133,40.888709920242995,12.044386994912152,7.952364951043819
140,27.835728952772072,Guys,5,24.88450050354004,20.943259889595947,-2.9512284492320333,-6.892469063176126
141,46.00684462696783,Guys,1,58.542236328125,56.7909003188081,12.535391701157167,10.784055691840265
142,48.25462012320329,Guys,4,42.502647399902344,42.8482746090613,-5.751972723300945,-5.406345514141989
143,31.956194387405887,Guys,3,31.268651962280273,28.550056587792255,-0.6875424251256135,-3.4061377996136315
144,29.357973990417523,Guys,3,26.76803970336914,23.841505798028468,-2.589934287048383,-5.5164681923890555
145,49.385352498288846,Guys,5,68.65821075439453,68.35450663169706,19.272858256105685,18.969154133408217
146,33.59342915811088,HH,3,27.60215187072754,25.014586303501286,-5.99127728738334,-8.578842854609594
148,40.55578370978782,HH,2,54.60112762451172,52.83150054453792,14.045343914723901,12.2757168347501
150,27.014373716632445,HH,4,23.422815322875977,18.675340290084453,-3.5915583937564683,-8.339033426547992
151,45.38809034907597,Guys,2,57.49201202392578,56.60284572903002,12.103921674849808,11.214755379954049
153,22.431211498973305,Guys,5,27.961814880371094,23.108301626681794,5.530603381397789,0.6770901277084889
154,24.34223134839151,Guys,4,31.02237892150879,25.634163067087876,6.680147573117278,1.2919317186963646
156,59.38124572210815,Guys,5,67.54852294921875,68.93210679097874,8.167277227110603,9.550861068870589
157,54.42573579739904,Guys,3,53.66374969482422,52.74341696740064,-0.7619861025748236,-1.682318829998401
158,75.6331279945243,Guys,3,76.21137237548828,76.98829087553074,0.5782443809639801,1.3551628810064358
159,24.142368240930868,HH,5,29.900474548339844,25.335801397557162,5.758106307408976,1.1934331566262948
160,39.397672826830934,HH,2,44.78487777709961,42.80424011959569,5.387204950268675,3.4065672927647555
161,65.11430527036276,HH,2,63.69527816772461,66.40028457739061,-1.4190271026381538,1.2859793070278442
163,48.05201916495551,HH,5,41.455718994140625,40.926950891461374,-6.596300170814885,-7.125068273494136
164,64.46817248459959,Guys,5,76.94676208496094,79.18900952089461,12.478589600361346,14.720837036295023
165,24.3750855578371,HH,5,22.54782485961914,18.02243399373962,-1.827260698217959,-6.352651564097478
166,41.20191649555099,Guys,1,43.56407928466797,40.95226908093549,2.3621627891169794,-0.24964741461550233
167,67.53456536618754,HH,4,65.80593872070312,70.77461753065926,-1.728626645484411,3.24005216447172
168,43.82477754962355,HH,5,35.649940490722656,34.40762121366427,-8.174837058900891,-9.417156335959277
169,58.76796714579056,Guys,3,71.13568115234375,70.56286210892368,12.367714006553193,11.794894963133125
170,31.592060232717316,Guys,5,37.73016357421875,34.42298458263663,6.138103341501434,2.8309243499193144
172,74.98973305954826,Guys,1,67.55387878417969,70.99284478923522,-7.43585427536857,-3.996888270313036
173,29.574264202600958,HH,3,35.14746856689453,32.2382447074351,5.573204364293574,2.663980504834143
174,63.096509240246405,HH,3,68.93321228027344,68.70681121887243,5.836703040027032,5.610301978626026
175,72.26557152635182,HH,3,72.0680160522461,72.57542544650764,-0.1975554741057266,0.3098539201558168
176,24.854209445585216,HH,4,30.05367660522461,24.78822566994915,5.1994671596393935,-0.06598377563606661
177,34.288843258042434,Guys,2,35.55469512939453,32.64321398527002,1.2658518713520976,-1.6456292727724104
178,25.4072553045859,Guys,2,39.00743865966797,34.47770619158237,13.60018335508207,9.070450886996472
179,30.143737166324435,Guys,2,29.564035415649414,25.897303757830862,-0.5797017506750208,-4.246433408493573
180,42.15195071868583,HH,4,44.590309143066406,43.47260507915976,2.4383584243805743,1.320654360473931
181,45.6974674880219,Guys,2,40.268272399902344,39.43547526235403,-5.429195088119556,-6.261992225667868
182,60.97467488021903,Guys,3,49.14553451538086,48.749320711709835,-11.829140364838167,-12.225354168509192
183,30.17659137577002,Guys,1,42.387664794921875,37.801421880229285,12.211073419151855,7.624830504459265
184,30.119096509240247,Guys,5,34.643089294433594,31.08727682314503,4.523992785193347,0.9681803139047815
185,83.45790554414785,Guys,2,69.89939880371094,75.94666302012824,-13.558506740436911,-7.5112425240196075
186,61.152635181382614,Guys,4,63.05942916870117,66.49781269193569,1.906793987318558,5.3451775105530785
188,44.02464065708419,Guys,2,51.078861236572266,49.941269884176805,7.054220579488074,5.9166292270926135
189,41.719370294318956,Guys,1,32.88963317871094,30.37048983657002,-8.829737115608019,-11.348880457748937
191,44.205338809034906,Guys,1,40.96708679199219,38.89313418638149,-3.2382520170427185,-5.312204622653418
192,38.93771389459275,Guys,2,49.888404846191406,47.82396097771196,10.95069095159866,8.886247083119216
193,55.238877481177276,Guys,3,52.64685821533203,51.79160206495138,-2.592019265845245,-3.4472754162258994
194,48.33127994524298,Guys,5,43.199737548828125,42.718107801684376,-5.131542396414858,-5.613172143558607
195,37.828884325804246,HH,4,40.86256790161133,38.708255271702434,3.033683575807082,0.879370945898188
196,29.114305270362767,Guys,5,54.79835891723633,51.0729395442177,25.68405364687356,21.95863427385493
197,60.46269678302532,Guys,4,50.84349822998047,54.11644474630499,-9.619198553044853,-6.34625203672033
198,45.256673511293634,Guys,5,53.1847038269043,52.18408597526011,7.928030315610663,6.927412463966476
199,63.663244353182755,Guys,4,62.2783203125,66.3187122210967,-1.3849240406827548,2.6554678679139485
200,49.9192334017796,Guys,4,45.782615661621094,46.527393505615855,-4.136617740158506,-3.391839896163745
201,22.414784394250514,HH,2,21.818506240844727,16.74353678900991,-0.5962781534057875,-5.671247605240605
202,20.16700889801506,HH,1,27.77054214477539,21.39176711160776,7.603533246760332,1.2247582135927004
204,74.63655030800821,HH,2,72.99391174316406,77.43389910954708,-1.6426385648441482,2.797348801538874
205,45.379876796714576,HH,4,57.37594985961914,57.03225513949265,11.996073062904564,11.652378342778071
206,50.02327173169062,HH,4,40.93073654174805,41.70046124325074,-9.092535189942573,-8.322810488439877
207,40.36139630390144,Guys,4,32.84074020385742,31.293687303458874,-7.520656100044015,-9.067709000442562
208,33.9958932238193,Guys,2,48.779727935791016,45.81486981964822,14.783834711971714,11.818976595828921
209,32.643394934976044,Guys,1,41.54283142089844,37.39834747832224,8.899436485922394,4.754952543346199
210,69.32511978097193,Guys,1,71.67122650146484,74.09576472196609,2.3461067204929122,4.77064494099416
211,55.11841204654346,HH,2,49.697967529296875,50.58169363102044,-5.420444517246587,-4.536718415523019
212,59.12936344969199,HH,5,64.8996353149414,66.24070217069405,5.770271865249413,7.111338721002056
213,54.66392881587954,HH,5,56.03704833984375,56.624358041930904,1.3731195239642133,1.9604292260513674
214,24.31211498973306,HH,1,30.443424224853516,24.806961319213634,6.131309235120455,0.4948463294805734
216,73.01574264202601,HH,4,68.41631317138672,74.69929704097734,-4.5994294706392935,1.6835543989513297
217,57.210130047912386,HH,4,56.642826080322266,59.135854232975134,-0.5673039675901208,1.925724185062748
218,35.40588637919233,HH,5,45.4821662902832,42.81875431220324,10.076279911090872,7.412867933010908
219,53.08145106091718,Guys,4,60.30007553100586,61.80310685691834,7.2186244700886775,8.721655796001158
221,48.54757015742642,HH,4,48.65850067138672,49.07437295524671,0.11093051396029807,0.526802797820288
222,36.06023271731691,Guys,5,51.39990234375,48.84694283596033,15.339669626433093,12.78671011864342
223,63.24709103353867,Guys,1,63.30841064453125,64.64448555378422,0.061319610992576656,1.3973945202455482
224,36.91991786447639,Guys,2,43.826534271240234,41.394442224730845,6.906616406763845,4.474524360254456
225,47.01437371663244,Guys,1,44.53471374511719,42.96380786488321,-2.479659971515254,-4.050565851749234
226,41.90280629705681,HH,1,40.780033111572266,38.293739341164745,-1.1227731854845473,-3.609066955892068
227,67.05544147843942,Guys,1,65.40718078613281,67.42526174487222,-1.6482606923066072,0.36982026643279653
229,72.3504449007529,Guys,5,72.19515228271484,75.76791370570098,-0.15529261803806094,3.417468804948072
230,21.152635181382614,IOP,3,41.6079216003418,38.02470531703251,20.455286418959183,16.8720701356499
231,58.992470910335385,IOP,1,63.82807159423828,64.4022223905601,4.835600683902896,5.409751480224713
232,28.810403832991103,IOP,3,29.771623611450195,26.801267122032325,0.9612197784590926,-2.009136710958778
233,26.754277891854894,IOP,4,27.619409561157227,22.809567384595884,0.8651316693023325,-3.9447105072590105
234,33.13347022587269,IOP,5,35.313323974609375,32.266331886554084,2.179853748736683,-0.8671383393186076
236,25.713894592744694,Guys,1,39.78388214111328,34.398452102123315,14.069987548368587,8.684557509378621
237,78.20396988364134,Guys,4,79.09719848632812,86.62424508497908,0.8932286026867899,8.420275201337745
238,27.72621492128679,IOP,3,29.83338737487793,26.776262065187076,2.10717245359114,-0.9499528560997135
239,62.959616700889804,HH,2,63.65254211425781,65.96495851766224,0.692925413368009,3.005341816772436
240,39.0362765229295,Guys,3,38.06922912597656,35.91726081381981,-0.9670473969529354,-3.1190157091096893
241,30.00684462696783,Guys,5,33.59760284423828,30.022842564710125,3.5907582172704515,0.015997937742294965
242,31.370294318959616,HH,1,45.0692253112793,40.69675259344147,13.698930992319681,9.326458274481851
244,49.04312114989733,Guys,3,52.13439178466797,50.7832824024353,3.0912706347706376,1.7401612525379662
247,29.817932922655714,Guys,2,46.78962707519531,43.06353268460243,16.971694152539598,13.245599761946714
248,44.876112251882276,HH,3,44.58934783935547,42.9047481709889,-0.2867644125268072,-1.9713640808933732
249,68.26830937713895,Guys,3,68.81832122802734,69.00582533111303,0.5500118508883958,0.7375159539740821
250,72.88432580424367,Guys,1,69.83633422851562,72.89826043755784,-3.047991575728048,0.013934633314164557
251,80.1697467488022,Guys,5,75.94007873535156,80.8327231281253,-4.229668013450635,0.6629763793230978
252,70.55989048596851,HH,4,63.1050910949707,68.79919814105092,-7.454799390997806,-1.7606923449175866
253,24.00273785078713,HH,2,18.32483673095703,13.539197004426672,-5.6779011198301,-10.46354084636046
254,25.582477754962355,HH,2,29.84622573852539,25.348419297110475,4.263747983563036,-0.23405845785188006
255,57.70294318959617,HH,5,51.11953353881836,52.2198229854969,-6.58340965077781,-5.483120204099272
256,27.38398357289528,HH,3,22.42933464050293,19.344820139440202,-4.954648932392349,-8.039163433455077
257,69.54688569472964,HH,2,78.14556121826172,81.65819632843261,8.59867552353208,12.11131063370297
258,22.570841889117045,HH,3,23.182201385498047,19.712485814760754,0.6113594963810023,-2.8583560743562906
259,59.78370978781656,HH,1,52.11895751953125,52.834804970167625,-7.664752268285312,-6.948904817648938
260,60.90622861054072,HH,4,57.895606994628906,61.274905807202074,-3.010621615911816,0.368677196661352
261,34.20670773442848,HH,1,62.21168518066406,58.34716175758998,28.004977446235586,24.140454023161503
262,20.928131416837783,HH,5,27.041202545166016,21.93397211211515,6.113071128328233,1.0058406952773673
263,25.21286789869952,HH,1,37.70526123046875,32.23010662297577,12.492393331769229,7.017238724276247
264,44.88158795345654,Guys,5,34.275901794433594,33.21197047194845,-10.605686159022945,-11.66961748150809
265,27.381245722108144,Guys,2,31.79813575744629,27.628070221366283,4.416890035338145,0.24682449925813899
267,35.44695414099932,HH,4,20.322097778320312,17.59663264044868,-15.124856362679004,-17.85032150055064
268,44.91991786447639,Guys,5,53.011192321777344,51.95373104541438,8.091274457300955,7.03381318093799
269,26.579055441478438,Guys,2,26.926471710205078,22.610244697521615,0.34741626872664,-3.9688107439568228
270,61.01574264202601,Guys,5,57.160064697265625,58.81954887164477,-3.8556779447603873,-2.1961937703812424
274,73.53867214236824,HH,3,75.27882385253906,75.88812101428042,1.7401517101708208,2.3494488719121733
275,24.175222450376456,HH,2,19.807796478271484,15.053584080856947,-4.3674259721049715,-9.12163836951951
276,20.908966461327857,HH,3,24.75701904296875,21.15430161510382,3.848052581640893,0.2453351537759616
277,61.33607118412046,HH,4,55.0313606262207,58.51372975928853,-6.30471055789976,-2.822341424831933
278,20.213552361396303,HH,4,16.135135650634766,9.756922512118987,-4.0784167107615374,-10.456629849277316
279,51.88227241615332,Guys,4,50.585323333740234,51.80080857992268,-1.2969490824130858,-0.08146383623063969
280,42.507871321013006,HH,4,43.504905700683594,42.47254581230604,0.9970343796705876,-0.03532550870696838
282,40.0082135523614,HH,2,26.76179313659668,24.89239735359865,-13.246420415764717,-15.115816198762747
284,63.044490075290895,HH,4,60.806373596191406,64.69839696710034,-2.2381164790994887,1.6539068918094415
285,40.813141683778234,Guys,1,45.82203674316406,43.14060411079936,5.008895059385829,2.327462427021125
286,54.27789185489391,Guys,4,49.482357025146484,51.272277669754615,-4.7955348297474245,-3.0056141851392937
287,44.99110198494182,Guys,5,68.07678985595703,67.03134401158451,23.08568787101521,22.040242026642687
288,78.5845311430527,Guys,1,76.966064453125,81.04879352893704,-1.6184666899277005,2.4642623858843393
289,60.84052019164955,Guys,5,57.499515533447266,59.12942217014961,-3.341004658202287,-1.711098021499943
290,45.752224503764545,IOP,2,51.908973693847656,51.086153287592,6.1567491900831115,5.333928783827453
291,30.688569472963724,IOP,4,40.8144416809082,36.94798550653434,10.125872207944479,6.259416033570613
292,23.731690622861056,IOP,4,23.618717193603516,18.0841026272435,-0.11297342925753995,-5.647587995617556
293,26.521560574948666,IOP,4,22.920988082885742,18.05534362877151,-3.6005724920629234,-8.466216946177155
294,27.082819986310746,IOP,1,32.04792022705078,26.907639834817875,4.9651002407400355,-0.1751801514928708
295,50.902121834360024,HH,2,63.76774215698242,63.88324813334127,12.865620322622398,12.981126298981245
296,63.97262149212868,HH,2,50.59712219238281,53.094110904896716,-13.375499299745869,-10.878510587231965
297,51.290896646132786,Guys,3,62.888397216796875,61.71717987497211,11.597500570664089,10.426283228839324
298,43.460643394934976,Guys,1,46.718536376953125,44.511222817112944,3.2578929820181486,1.050579422177968
299,53.4072553045859,Guys,2,64.33976745605469,64.91171618706534,10.932512151468785,11.504460882479435
300,38.27789185489391,Guys,1,39.06880187988281,35.93335299800649,0.7909100249889036,-2.344538856887418
302,59.50992470910335,HH,3,50.4919319152832,49.9784926534115,-9.017992793820149,-9.531432055691852
303,25.464750171115675,IOP,2,27.34493064880371,22.825673957090054,1.880180477688036,-2.6390762140256214
304,46.59000684462697,Guys,1,46.458106994628906,44.811204969831394,-0.1318998499980637,-1.778801874795576
305,62.50513347022587,IOP,5,64.7323989868164,66.64328965579304,2.227265516590535,4.138156185567169
306,30.182067077344286,IOP,5,40.996795654296875,37.4516125904886,10.81472857695259,7.269545513144315
307,33.00479123887748,IOP,2,28.903615951538086,25.758176496822422,-4.1011752873393945,-7.246614742055058
308,41.204654346338124,Guys,4,31.484560012817383,30.139708101910827,-9.720094333520741,-11.064946244427297
309,33.921971252566735,IOP,1,35.943748474121094,32.028233957312366,2.021777221554359,-1.8937372952543683
310,62.01779603011636,IOP,2,62.40694046020508,64.5477541661707,0.38914443008872013,2.529958136054347
311,61.58795345653662,Guys,3,64.69850158691406,64.35136906519772,3.1105481303774454,2.7634156086610986
312,59.148528405201915,Guys,4,58.00260543823242,60.96043380259938,-1.1459229669694935,1.8119053973974673
313,65.85352498288843,HH,5,52.02752685546875,54.50361932422739,-13.82599812741968,-11.349905658661044
314,45.8590006844627,IOP,3,28.046615600585938,26.44067750422034,-17.812385083876762,-19.41832318024236
315,25.451060917180012,IOP,1,30.947738647460938,25.515240116759642,5.4966777302809255,0.06417919957963036
316,56.93908281998631,HH,1,46.463539123535156,46.66996613286351,-10.475543696451155,-10.269116687122803
317,67.79466119096509,Guys,4,60.29588317871094,65.3269286750824,-7.498778012254149,-2.4677325158826875
318,54.48596851471595,Guys,5,54.32147216796875,54.87874264616596,-0.1644963467471996,0.39277413145001105
319,59.4715947980835,Guys,2,68.19032287597656,69.86721162634534,8.718728077893061,10.395616828261836
320,29.738535249828885,Guys,1,30.489465713500977,25.824774857194754,0.7509304636720913,-3.9137603926341313
321,54.743326488706366,Guys,3,55.0001106262207,54.10519519295038,0.2567841375143374,-0.6381312957559828
322,28.476386036960985,IOP,4,24.57585334777832,20.17894738481207,-3.900532689182665,-8.297438652148916
324,60.07939767282683,Guys,4,65.2195816040039,68.40061907858242,5.140183931177077,8.321221405755594
325,52.6652977412731,Guys,5,63.725860595703125,63.975805170924176,11.060562854430025,11.310507429651075
326,67.73990417522245,Guys,4,73.49655151367188,78.51446727760948,5.756647338449426,10.774563102387035
327,73.56331279945243,HH,1,67.46845245361328,70.65197386024137,-6.094860345839152,-2.9113389392110633
328,61.78507871321013,HH,4,62.225894927978516,65.81592987936375,0.4408162147683825,4.030851166153617
329,55.65503080082136,HH,2,57.915428161621094,58.89692748110059,2.260397360799736,3.2418966802792326
330,44.48186173853525,Guys,1,44.88380813598633,42.85937581913706,0.4019463974510771,-1.6224859193981942
331,23.488021902806295,IOP,5,21.81416893005371,17.13904330898074,-1.6738529727525844,-6.3489785938255565
332,42.3709787816564,IOP,5,53.173683166503906,51.68596575475708,10.802704384847509,9.31498697310068
334,69.28952772073922,HH,3,70.19975280761719,70.46898608190692,0.910225086877972,1.179458361167704
335,69.27583846680356,HH,3,74.51399230957031,74.7821301871701,5.238153842766749,5.506291720366534
336,67.77275838466804,Guys,1,65.3882827758789,67.5348217778897,-2.3844756087891312,-0.23793660677833373
338,61.48665297741273,HH,5,61.26297378540039,63.00194654592597,-0.22367919201234088,1.5152935685132363
342,48.67898699520876,Guys,3,43.38972854614258,42.0094769714807,-5.289258449066182,-6.6695100237280585
344,62.09445585215606,Guys,1,63.50579833984375,64.63545776025016,1.4113424876876906,2.5410019080941026
348,38.587268993839835,Guys,5,49.438480377197266,47.3120796516034,10.85121138335743,8.724810657763562
350,62.680355920602324,Guys,4,67.82386779785156,71.62857671012827,5.143511877249239,8.948220789525948
351,56.91991786447639,Guys,1,54.283302307128906,54.48629721047239,-2.6366155573474828,-2.4336206540040024
353,52.68993839835729,HH,3,60.533172607421875,59.4739220259203,7.843234209064583,6.7839836275630105
354,45.61533196440794,HH,3,58.17306137084961,56.54762228257562,12.557729406441666,10.932290318167674
356,64.10403832991102,HH,1,60.562381744384766,62.05192111402224,-3.5416565855262547,-2.052117215888778
357,63.540041067761805,HH,1,67.53062438964844,68.91916188075139,3.990583321886632,5.3791208129895836
358,62.06160164271047,Guys,1,67.32275390625,68.44653010676355,5.261152263539529,6.3849284640530755
359,62.06160164271047,Guys,1,57.56318664550781,58.68696284602136,-4.498414997202659,-3.374638796689112
360,54.19301848049281,Guys,4,47.84309005737305,49.612659342296,-6.3499284231197635,-4.580359138196812
361,54.19301848049281,Guys,1,48.50736618041992,48.222023774403056,-5.6856523000728885,-5.970994706089755
362,41.09514031485284,HH,5,32.99694061279297,31.29386364633382,-8.098199702059873,-9.801276668519023
363,60.91991786447639,HH,1,66.23526000976562,67.15458133930214,5.315342145289236,6.2346634748257515
364,67.16221765913758,Guys,2,65.47370910644531,68.55185110486687,-1.6885085526922694,1.389633445729288
365,66.52703627652294,Guys,1,71.53144073486328,73.45489421414159,5.004404458340346,6.927857937618654
367,54.21492128678987,Guys,5,38.4480094909668,38.95952731618175,-15.76691179582307,-15.255393970608118
368,54.21492128678987,Guys,1,50.60160827636719,50.320187789231525,-3.6133130104226794,-3.8947334975583416
369,60.596851471594796,Guys,3,61.00418472290039,60.57773333011021,0.4073332513055945,-0.019118141484582907
370,60.596851471594796,Guys,2,63.569679260253906,65.45159282739675,2.97282778865911,4.854741355801956
371,26.39835728952772,IOP,3,34.3293342590332,31.165938984513716,7.930976969505483,4.767581694985996
372,29.256673511293634,IOP,4,38.178489685058594,33.96868561075628,8.92181617376496,4.7120120994626475
373,58.79260780287474,IOP,1,60.61572265625,61.154081587749886,1.8231148533752588,2.3614737848751446
375,41.059548254620125,Guys,3,38.46949768066406,36.47945391131385,-2.590050573956063,-4.580094343306278
376,72.59411362080766,Guys,4,69.3089828491211,75.49086759602916,-3.2851307716865676,2.8967539752215004
377,72.59411362080766,Guys,4,68.8497543334961,75.03163908040416,-3.7443592873115676,2.4375254595965004
378,38.83915126625599,IOP,3,42.86623764038086,40.698492929297146,4.02708637412487,1.8593416630411568
379,66.90759753593429,Guys,2,65.83099365234375,68.86274391975937,-1.0766038835905363,1.955146383825081
380,66.90759753593429,Guys,4,53.2763557434082,58.09469664728238,-13.631241792526083,-8.812900888651903
381,59.671457905544145,Guys,1,71.623046875,72.31879218576557,11.951588969455855,12.647334280221429
382,65.90828199863107,IOP,1,52.369937896728516,54.182582992414005,-13.538344101902553,-11.725699006217063
383,74.01232032854209,HH,2,77.13660430908203,81.46285527061157,3.1242839805399427,7.450534942069481
384,74.01232032854209,HH,2,77.76500701904297,82.09125798057251,3.75268669050088,8.078937652030419
385,64.64613278576317,HH,2,77.36742401123047,79.98712846478078,12.721291225467297,15.34099567901761
386,52.30116358658453,HH,4,40.60126495361328,41.91719439086182,-11.699898632971248,-10.383969195722706
387,46.431211498973305,HH,3,45.86952209472656,44.309378784951285,-0.5616894042467422,-2.1218327140220197
388,33.34976043805612,IOP,5,30.20209503173828,27.19161285760894,-3.1476654063178415,-6.1581475804471815
389,58.36824093086927,Guys,4,58.23503112792969,61.00575760363271,-0.1332098029395823,2.6375166727634394
390,41.889117043121146,Guys,3,51.196128845214844,49.272476556347804,9.307011802093697,7.383359513226658
391,52.53114305270363,Guys,2,55.31192398071289,55.72424223084569,2.780780928009264,3.193099178142063
392,62.455852156057496,Guys,4,65.03494262695312,68.78581908742561,2.579090470895629,6.329966931368112
393,60.101300479123886,Guys,3,65.39874267578125,64.9326316948069,5.297442196657364,4.831331215683015
394,53.74948665297741,Guys,1,58.802242279052734,58.43747093934535,5.052755626075324,4.687984286367943
395,45.0321697467488,IOP,2,38.29653549194336,37.342519053547655,-6.73563425480544,-7.689650693201145
396,53.56605065023956,HH,2,51.60271453857422,52.20359606835309,-1.9633361116653418,-1.3624545818864675
397,51.657768651608485,Guys,2,52.98564147949219,53.23882829382643,1.3278728278837022,1.5810596422179444
398,51.657768651608485,Guys,4,47.79235076904297,48.954003563421196,-3.8654178825655165,-2.7037650881872892
399,73.54414784394251,Guys,4,68.08563232421875,74.49532167916111,-5.458515519723761,0.9511738352185972
400,55.58110882956879,Guys,5,53.369510650634766,54.11163848561358,-2.2115981789340253,-1.4694703439552086
401,55.58110882956879,Guys,1,51.06480026245117,51.02803892603412,-4.516308567117619,-4.55306990353467
402,53.53593429158111,Guys,3,55.21083450317383,54.21929000030118,1.6749002115927212,0.6833557087200717
403,53.53593429158111,Guys,3,57.71989440917969,56.72834990630704,4.1839601175985806,3.192415614725931
404,62.7378507871321,Guys,5,73.1346664428711,75.08483907479398,10.39681565573899,12.346988287661873
405,58.56810403832991,Guys,2,62.689720153808594,64.20199005765319,4.12161611547868,5.633886019323278
406,58.28336755646817,Guys,3,58.68738555908203,58.07578342800646,0.40401800261386,-0.20758412846171126
407,58.280629705681044,Guys,2,62.19643783569336,63.65632885767825,3.9158081300123158,5.375699151997203
408,52.12867898699521,Guys,3,49.510894775390625,48.4067259078274,-2.6177842116045866,-3.721953079167811
409,70.9514031485284,Guys,2,74.01847076416016,77.7870131327758,3.067067615631757,6.835609984247398
410,53.412731006160165,Guys,4,46.63494873046875,48.21741612672776,-6.777782275691415,-5.195314879432402
411,53.412731006160165,Guys,2,66.75003051757812,67.3229766436985,13.33729951141796,13.910245637538331
412,58.56810403832991,Guys,2,57.500335693359375,59.01260559720397,-1.0677683449705384,0.44450155887405884
413,59.83572895277207,Guys,2,61.04985046386719,62.79308510287606,1.2141215110951151,2.9573561501039904
414,59.742642026009584,Guys,5,60.93717956542969,62.38176651522347,1.1945375394201037,2.6391244892138843
415,72.32580424366871,Guys,5,73.05924224853516,76.62784398820627,0.7334380048664428,4.302039744537552
416,72.145106091718,Guys,4,70.94097900390625,77.01519701778794,-1.2041270878117558,4.870090926069935
417,59.88227241615332,Guys,4,61.38803482055664,64.5218037948389,1.5057624044033204,4.639531378685582
418,59.742642026009584,Guys,2,57.694366455078125,59.42064051187972,-2.048275570931459,-0.322001514129866
419,73.18275154004107,Guys,1,70.08223724365234,73.19760702662143,-3.100514296388724,0.014855486580358956
420,73.18275154004107,Guys,2,72.96891784667969,77.14401931348387,-0.21383369336138003,3.961267773442799
422,37.097878165639976,Guys,4,33.84858322143555,31.518985827936774,-3.249294944204429,-5.578892337703202
423,39.02258726899384,IOP,3,28.9829044342041,26.82984042006289,-10.039682834789737,-12.192746848930948
424,46.29705681040383,IOP,1,37.97246551513672,36.273101591631345,-8.324591295267112,-10.023955218772485
425,19.980835044490075,IOP,1,29.032617568969727,22.6205021264592,9.051782524479652,2.639667081969126
426,23.110198494182068,IOP,1,25.2452449798584,19.39354107239054,2.1350464856763303,-3.7166574217915276
427,34.28336755646817,IOP,5,26.164531707763672,23.311640359460124,-8.1188358487045,-10.971727197008047
428,55.540041067761805,Guys,4,38.34768295288086,40.44024877804708,-17.192358114880946,-15.099792289714728
429,55.540041067761805,Guys,1,63.319602966308594,63.27548760502547,7.779561898546788,7.7354465372636625
430,72.00547570157427,IOP,3,84.220458984375,84.7070527885824,12.21498328280073,12.701577087008133
431,58.78165639972622,Guys,1,58.73636245727539,59.27276077090573,-0.04529394245082585,0.4911043711795102
432,57.738535249828885,Guys,4,53.87055206298828,56.49028478628393,-3.867983186840604,-1.2482504635449558
433,73.90006844626969,IOP,2,68.79298400878906,73.09878246265401,-5.107084437480623,-0.8012859836156707
434,67.24161533196441,IOP,1,53.54202651977539,55.59344754628664,-13.69958881218902,-11.64816778567777
436,28.347707049965777,HH,4,27.32440757751465,22.89664665185792,-1.0232994724511286,-5.451060398107856
437,55.59753593429158,HH,2,59.65399169921875,60.6250152423263,4.056455764927172,5.027479308034721
438,63.676933607118414,HH,5,66.8635482788086,68.9722363968112,3.1866146716901795,5.295302789692784
439,43.917864476386036,HH,1,31.37375831604004,29.24832480379836,-12.544106160345997,-14.669539672587675
440,48.101300479123886,HH,5,52.550357818603516,52.029907794726654,4.44905733947963,3.9286073156027683
441,48.101300479123886,HH,1,45.4724235534668,44.096166039151555,-2.6288769256570887,-4.0051344399723305
442,61.36618754277892,IOP,1,58.35597229003906,59.35521236616242,-3.0102152527398545,-2.0109751766164976
443,69.13347022587268,HH,4,59.664573669433594,65.01664542294517,-9.468896556439091,-4.1168248029275105
444,58.37645448323067,HH,5,51.477516174316406,52.69149311434633,-6.898938308914261,-5.684961368884338
445,60.02737850787132,HH,3,54.0610237121582,53.5889967342335,-5.966354795713116,-6.438381773637822
446,60.10951403148528,HH,2,62.84614181518555,64.63926080570653,2.736627783700264,4.529746774221245
447,72.8268309377139,Guys,2,69.99905395507812,74.10930458333351,-2.8277769826357684,1.2824736456196177
449,46.89664613278576,Guys,1,52.4449462890625,50.85295727688084,5.5483001562767384,3.956311144095082
450,68.50924024640658,Guys,4,69.86444091796875,75.06683152643276,1.355200671562173,6.5575912800261875
451,41.13073237508556,HH,5,35.75999069213867,34.06292208558857,-5.3707416829468855,-7.06781028949699
452,63.403148528405204,HH,3,71.01565551757812,70.81379524980171,7.612506989172921,7.41064672139651
453,63.41683778234086,HH,4,60.878055572509766,64.85936277044512,-2.5387822098310977,1.4425249881042532
454,32.577686516084874,Guys,2,38.24932861328125,35.02606940339496,5.671642097196376,2.448382887310089
455,68.48186173853524,Guys,1,70.3593978881836,72.63292481163468,1.8775361496483498,4.1510630730994365
456,70.24777549623545,Guys,3,71.28441619873047,71.63033884250804,1.0366407024950206,1.3825633462725904
458,70.71047227926078,Guys,1,59.96640396118164,62.63903343838638,-10.744068318079144,-8.071438840874407
459,62.42573579739904,Guys,4,59.268306732177734,63.011961565398906,-3.157429065221308,0.5862257679998635
460,60.8952772073922,Guys,4,58.07080841064453,61.4474820084981,-2.8244687967476665,0.5522048011059013
461,60.8952772073922,Guys,4,53.951812744140625,57.32848634199419,-6.943464463251573,-3.566790865398005
462,75.07734428473648,IOP,3,77.11276245117188,77.84520137335878,2.0354181664353916,2.767857088622293
463,70.14373716632444,IOP,5,65.20621490478516,68.4064876334463,-4.937522261539286,-1.7372495328781383
464,86.3189596167009,IOP,2,78.00176239013672,84.57031880965691,-8.317197226564176,-1.7486408070439836
465,69.28131416837782,HH,4,70.1414566040039,75.52897881802872,0.8601424356260878,6.2476646496509005
467,66.94866529774127,Guys,5,67.48869323730469,70.14964306284493,0.5400279395634158,3.2009777651036586
468,67.69883641341546,Guys,5,72.15904235839844,74.94662041344826,4.460205944982974,7.247784000032794
469,32.837782340862425,IOP,3,30.740015029907227,28.09197428444266,-2.0977673109551986,-4.745808056419765
470,35.983572895277206,IOP,3,33.01995086669922,30.623671236164505,-2.963622028577987,-5.359901659112701
473,68.13415468856947,IOP,3,58.15407943725586,58.33084694313079,-9.980075251313608,-9.80330774543868
474,34.012320328542096,IOP,5,36.96653747558594,34.06789411821396,2.954217147043842,0.05557378967186111
475,32.70362765229295,IOP,3,35.547542572021484,32.88876522934616,2.843914919728533,0.18513757705321154
476,78.35728952772074,IOP,2,76.14094543457031,81.25886260455604,-2.2163440931504255,2.901573076835305
477,46.42573579739904,IOP,4,49.78057098388672,49.68765836090827,3.3548351864876764,3.2619225635092306
478,49.01574264202601,IOP,3,30.610170364379883,29.256869883472802,-18.40557227764613,-19.75887275855321
479,60.016427104722794,Guys,3,64.80812072753906,64.33521724908569,4.791693622816268,4.318790144362893
480,60.016427104722794,Guys,3,58.758445739746094,58.285542261292726,-1.2579813649767004,-1.7308848434300685
481,65.3305954825462,HH,3,61.41780090332031,61.370196485637265,-3.9127945792258885,-3.9603989969089355
482,72.09034907597535,HH,5,69.42501831054688,72.95387511323095,-2.665330765428479,0.8635260372555962
483,63.39219712525667,HH,2,52.2277717590332,54.619005312717974,-11.164425366223469,-8.773191812538698
484,66.37371663244353,HH,1,65.3912124633789,67.28720909477823,-0.9825041690646259,0.9134924623347018
485,68.85147159479808,HH,5,64.28530883789062,67.26744931890532,-4.56616275690746,-1.5840222758927638
486,63.83572895277207,Guys,1,58.355979919433594,59.79746912214074,-5.479749033338479,-4.038259830631333
487,66.27515400410678,Guys,2,55.656494140625,58.57301086794926,-10.618659863481781,-7.702143136157524
488,69.06776180698152,Guys,2,69.27690124511719,72.70223960895295,0.20913943813566505,3.6344778019714283
489,69.06776180698152,Guys,5,74.72660827636719,77.74525867130784,5.658846469385665,8.677496864326315
490,70.1409993155373,Guys,4,69.30265808105469,74.89632093606882,-0.8383412344826127,4.755321620531518
491,75.97262149212868,Guys,4,65.8880386352539,72.88003903278076,-10.084582856874775,-3.0925824593479234
492,69.28952772073922,Guys,5,67.18624114990234,70.24232483119522,-2.1032865708368718,0.9527971104560038
493,67.76728268309377,Guys,3,68.4642333984375,68.61163951042744,0.696950715343732,0.8443568273336695
494,66.33264887063655,Guys,4,63.49726867675781,68.17774464594953,-2.835380193878734,1.8450957753129842
495,60.86789869952088,Guys,4,58.60072708129883,61.9708348982265,-2.2671716182220507,1.1029361987056205
496,62.80355920602327,Guys,2,67.71125793457031,69.99523988923694,4.9076987285470395,7.191680683213669
497,72.30663928815879,Guys,2,70.07208251953125,74.08755350545759,-2.2345567686275416,1.7809142172988004
498,76.78028747433265,Guys,3,69.67162322998047,70.54035050465936,-7.108664244352184,-6.239936969673295
499,82.18754277891856,Guys,3,75.1837158203125,76.48519195231361,-7.003826958606055,-5.702350826604942
500,63.181382614647504,Guys,2,48.98194885253906,51.33477122619338,-14.199433762108441,-11.846611388454122
501,67.1129363449692,Guys,4,66.24391174316406,71.11148960101971,-0.8690246018051369,3.9985532560505135
502,63.87679671457906,Guys,3,52.722774505615234,52.558820824965665,-11.154022208963823,-11.317975889613393
503,65.09514031485284,Guys,2,58.819854736328125,61.521369220536805,-6.275285578524716,-3.5737710943160366
504,68.15058179329226,Guys,4,68.07540893554688,73.19179860744742,-0.07517285774538607,5.041216814155163
505,62.24503764544832,Guys,3,66.58821105957031,66.29366582192331,4.343173414121992,4.048628176474992
506,69.6892539356605,Guys,4,61.7022819519043,67.1876231422756,-7.986971983756206,-2.501630793384905
507,71.66324435318275,Guys,1,73.84504699707031,76.6883007814418,2.181802643887565,5.025056428259049
508,60.930869267624914,HH,3,67.06578063964844,66.66606113915726,6.134911372023524,5.735191871532351
510,32.42436687200548,IOP,4,35.886924743652344,32.43668721598203,3.4625578716468652,0.012320343976554682
511,64.57768651608487,HH,5,65.32785034179688,67.58858454367083,0.7501638257120078,3.0108980275859665
512,64.75017111567419,Guys,4,74.36420440673828,78.66522433974498,9.61403329106409,13.915053224070789
515,62.08898015058179,HH,2,47.925987243652344,50.0797712563375,-14.162992906929446,-12.009208894244289
516,60.41067761806981,HH,2,63.78252410888672,65.630516511615,3.371846490816907,5.219838893545187
517,36.16427104722793,IOP,2,50.48264694213867,47.912874057653895,14.318375894910744,11.748603010425967
518,75.82751540041068,HH,5,72.94879150390625,77.10847522784812,-2.8787238965044253,1.2809598274374423
519,57.50581793292265,HH,1,56.36686325073242,56.674781951491624,-1.1389546821902314,-0.8310359814310289
521,70.83641341546885,HH,3,64.21788024902344,64.61091227753707,-6.618533166445417,-6.225501137931786
522,28.933607118412045,HH,5,29.830514907836914,26.074593980801385,0.8969077894248692,-2.85901313761066
523,63.419575633128,Guys,3,68.08686828613281,67.88632261650214,4.667292653004814,4.4667469833741436
524,33.516769336071185,HH,5,37.02394485473633,34.0416532279029,3.507175518665143,0.5248838918317134
525,41.51950718685831,HH,3,55.65535354614258,53.702120967229256,14.135846359284265,12.182613780370943
526,54.60917180013689,HH,3,60.9459342956543,60.04028226517322,6.336762495517405,5.431110465036326
527,53.327857631759066,HH,2,43.11992645263672,43.677408436738816,-10.207931179122347,-9.65044919502025
528,40.5284052019165,Guys,3,39.686546325683594,37.65399457040193,-0.8418588762329051,-2.8744106315145714
531,75.93702943189597,Guys,3,65.44342041015625,66.24466050236751,-10.493609021739715,-9.692368929528456
532,36.55304585900068,IOP,5,39.04969024658203,36.57991667812684,2.496644387581348,0.026870819126159518
533,73.60438056125942,Guys,1,78.57221984863281,81.76309459698487,4.967839287373394,8.158714035725453
534,69.60985626283367,Guys,5,69.66287231445312,72.77302672753065,0.05301605161945133,3.163170464696975
535,65.25941136208077,Guys,5,71.04658508300781,73.42239312470022,5.7871737209270435,8.162981762619452
536,58.83093771389459,Guys,5,64.1064453125,65.39713814574222,5.275507598605408,6.566200431847626
537,67.4551676933607,HH,3,75.00993347167969,75.13236099772246,7.5547657783189806,7.677193304361751
538,81.94113620807666,HH,2,80.57603454589844,86.34693899620639,-1.365101662178219,4.4058027881297335
539,78.072553045859,Guys,5,69.92347717285156,74.46211963724059,-8.149075873007433,-3.6104334086184053
541,36.421629021218344,IOP,2,28.874610900878906,26.35172948752822,-7.5470181203394375,-10.069899533690123
542,44.38329911019849,IOP,4,48.314781188964844,47.732122411473334,3.9314820787663507,3.348823301274841
543,70.51882272416154,IOP,5,61.023216247558594,64.28680244706071,-9.495606476602944,-6.23202027710083
544,58.04243668720055,HH,2,54.91352462768555,56.33001679904252,-3.1289120595150024,-1.7124198881580313
546,60.07392197125257,HH,1,69.36532592773438,70.13314478104017,9.291403956481808,10.059222809787606
547,33.831622176591374,IOP,2,29.03611946105957,26.041331151038825,-4.7955027155318035,-7.790291025552548
548,66.32991101984942,IOP,1,71.94819641113281,73.8363478384855,5.618285391283393,7.506436818636075
549,25.018480492813143,Guys,4,25.21380615234375,19.987744871724367,0.19532565953060654,-5.030735621088777
550,59.90691307323751,Guys,3,47.17283630371094,46.69116843055993,-12.734076769526574,-13.215744642677585
551,70.50239561943874,Guys,1,75.3360366821289,77.97140348953849,4.8336410626901625,7.469007870099745
552,64.66255989048597,Guys,1,69.25596618652344,70.84552575947643,4.593406296037472,6.182965868990465
553,28.243668720054757,IOP,2,29.335325241088867,25.32239565553912,1.0916565210341105,-2.9212730645156384
554,70.10540725530458,Guys,2,75.87940979003906,79.49380978355133,5.774002534734478,9.388402528246743
555,65.66735112936345,Guys,3,73.24995422363281,73.22930059441005,7.582603094269359,7.561949465046595
556,55.63586584531143,HH,5,65.60387420654297,66.3552447805781,9.96800836123154,10.719378935266676
558,66.85831622176592,Guys,5,68.58366394042969,71.22936331091839,1.7253477186637696,4.371047089152469
559,67.81930184804928,HH,5,61.230533599853516,64.03844645352382,-6.588768248195763,-3.78085539452546
560,63.86858316221766,Guys,2,57.83271026611328,60.31074291115161,-6.0358728961043795,-3.557840251066054
561,31.578370978781656,IOP,5,39.29610061645508,35.986610940108875,7.717729637673422,4.408239961327219
562,42.789869952087614,Guys,2,39.457698822021484,38.095129190266654,-3.332171130066129,-4.69474076182096
563,28.372347707049965,IOP,2,33.83059310913086,29.841108911623728,5.458245402080895,1.468761204573763
565,63.81656399726215,HH,1,62.1607551574707,63.59881225419298,-1.6558088397914474,-0.21775174306917222
566,42.97056810403833,HH,2,47.692604064941406,46.36295820249141,4.722035960903078,3.3923900984530846
567,28.56125941136208,HH,1,31.678571701049805,26.803052599406307,3.1173122896877246,-1.7582068119557732
568,33.686516084873375,HH,1,51.11686325073242,47.15918315317045,17.430347165859047,13.472667068297078
569,56.9637234770705,Guys,1,53.134666442871094,53.34550586711909,-3.8290570341994083,-3.618217609951415
571,38.88569472963724,IOP,3,33.20030975341797,31.03629024590471,-5.685384976219268,-7.849404483732528
572,41.949349760438054,HH,1,45.43449401855469,42.956535265090125,3.485144258116634,1.007185504652071
573,35.455167693360714,IOP,1,43.14813232421875,39.5071849199156,7.692964630858036,4.052017226554888
574,50.573579739904176,IOP,4,67.14463806152344,68.04631776310812,16.57105832161926,17.472738023203945
575,57.75496235455168,HH,3,57.961124420166016,57.307233504614786,0.20616206561433614,-0.4477288499368939
576,67.33196440793976,Guys,3,69.94645690917969,70.05902403324585,2.6144925012399227,2.727059625306083
577,64.18617385352498,HH,3,66.45170593261719,66.3125119417535,2.2655320790922104,2.126338088228522
578,57.86447638603696,Guys,4,50.55038070678711,53.200311631738856,-7.314095679249853,-4.664164754298106
579,41.215605749486656,Guys,2,51.8216552734375,50.17225009920138,10.606049523950844,8.956644349714722
582,29.77138945927447,Guys,3,33.33348083496094,30.440033069133953,3.5620913756864674,0.6686436098594832
584,41.327857631759066,Guys,4,29.407272338867188,28.091962783291308,-11.920585292891879,-13.235894848467758
585,28.12046543463381,Guys,4,25.84912109375,21.36687095525467,-2.271344340883811,-6.753594479379142
586,34.365503080082135,HH,5,30.19363784790039,27.354610608181318,-4.171865232181744,-7.010892471900817
588,45.295003422313485,IOP,3,35.56374740600586,33.91267182212281,-9.731256016307626,-11.382331600190675
591,59.893223819301845,Guys,5,60.5068359375,61.976840741655565,0.6136121181981551,2.0836169223537198
592,48.07939767282683,Guys,2,45.03710174560547,44.638299369776064,-3.0422959272213603,-3.441098303050765
593,55.219712525667354,Guys,3,61.97312927246094,61.116339322478744,6.753416746793583,5.89662679681139
594,61.9958932238193,Guys,3,60.73240280151367,60.417918169046686,-1.2634904223056296,-1.5779750547726152
595,49.596167008898014,IOP,5,54.82159423828125,54.55347536925579,5.225427229383236,4.9573083603577786
596,29.66461327857632,IOP,3,32.754329681396484,29.852336569680403,3.089716402820166,0.18772329110408492
597,43.07734428473648,IOP,2,58.806922912597656,57.496731467653674,15.729578627861173,14.419387182917191
598,52.8870636550308,HH,1,55.59085464477539,55.07163921889085,2.70379098974459,2.184575563860051
599,39.383983572895275,HH,4,37.93313217163086,36.15170979698108,-1.4508514012644156,-3.2322737759141944
600,38.959616700889804,HH,4,36.412010192871094,34.52883101979542,-2.54760650801871,-4.430785681094385
601,35.51540041067762,HH,4,37.595977783203125,34.8869252682283,2.0805773725255037,-0.628475142449318
603,66.01505817932923,HH,3,66.76544189453125,66.77261585959195,0.7503837152020196,0.7575576802627211
605,70.33264887063655,HH,5,57.87097930908203,61.103139938227145,-12.461669561554515,-9.229508932409402
606,60.539356605065024,HH,2,60.931190490722656,62.802628281493554,0.39183388565763266,2.2632716764285306
607,83.81108829568788,Guys,5,78.89636993408203,84.40366613280808,-4.91471836160585,0.5925778371202028
608,52.498288843258045,HH,4,57.56557083129883,58.92876785413466,5.067281988040783,6.430479010876617
609,28.996577686516083,HH,4,43.9661750793457,39.69400386127357,14.96959739282962,10.697426174757489
610,56.67624914442163,HH,5,47.28908157348633,48.21606740916057,-9.387167570935304,-8.46018173526106
611,28.870636550308006,HH,5,26.77020835876465,23.00365802424883,-2.100428191543358,-5.866978526059178
612,33.91649555099247,HH,5,36.43146896362305,33.5166504909456,2.5149734126305745,-0.3998450600468715
613,25.585215605749486,HH,4,36.042903900146484,30.952737728460903,10.457688294396998,5.367522122711417
614,26.92950034223135,HH,2,29.003372192382812,24.75099723304072,2.0738718501514626,-2.178503109190629
616,55.08829568788501,Guys,4,65.8648681640625,67.84911140987693,10.776572476177492,12.760815721991918
617,39.175906913073234,Guys,1,60.8134651184082,57.838834038640336,21.63755820533497,18.6629271255671
618,37.949349760438054,Guys,3,38.5218505859375,36.282894099404714,0.5725008254994464,-1.6664556610333392
619,24.876112251882272,Guys,5,29.087125778198242,24.646307198120276,4.21101352631597,-0.22980505376199645
621,31.616700889801507,Guys,4,26.416183471679688,22.77227964648299,-5.2005174181218194,-8.844421243318518
625,47.069130732375086,Guys,1,41.618125915527344,40.05702585720954,-5.4510048168477425,-7.012104875165548
626,64.26830937713895,Guys,2,55.98918914794922,58.54005318251184,-8.27912022918973,-5.728256194627107
627,68.48459958932239,Guys,3,73.49541473388672,73.70022842491188,5.010815144564333,5.215628835589499
629,59.26351813826147,Guys,1,62.158164978027344,62.780855754175825,2.8946468397658762,3.5173376159143572
630,54.68583162217659,Guys,2,44.702178955078125,45.50708790652135,-9.983652667098468,-9.178743715655244
631,41.30047912388775,HH,1,45.259300231933594,42.66514105416392,3.9588211080458464,1.3646619302761707
632,56.43805612594114,HH,5,61.7004508972168,62.587230109690864,5.262394771275659,6.149173983749726
633,36.70636550308008,HH,5,32.4211540222168,29.977259994336528,-4.285211480863282,-6.729105508743551
634,34.05612594113621,HH,3,33.467628479003906,30.91709299837583,-0.5884974621323025,-3.1390329427603803
635,25.530458590006845,HH,2,20.010332107543945,15.50304763239124,-5.520126482462899,-10.027410957615604
636,43.15674195756331,HH,2,40.266605377197266,38.97088067916182,-2.890136580366047,-4.1858612784014895
639,86.19849418206708,Guys,1,81.69111633300781,87.13736564547004,-4.507377849059267,0.9388714634029611
640,80.8021902806297,Guys,1,70.23472595214844,74.71459696384458,-10.567464328481265,-6.087593316785117
641,68.12320328542094,Guys,2,67.47322082519531,70.72645814156184,-0.6499824602256297,2.603254856140893
642,57.06776180698152,Guys,5,59.27854919433594,60.27162119378527,2.210787387354415,3.2038593868037495
644,56.87337440109514,Guys,2,50.277305603027344,51.48079101653704,-6.5960687980677974,-5.392583384558101
646,71.2060232717317,HH,5,79.45626831054688,82.83585301012137,8.25024503881518,11.629829738389674
648,47.723477070499655,Guys,5,59.95814895629883,59.373923131454035,12.234671885799173,11.65044606095438
651,50.39561943874059,Guys,5,35.777862548828125,35.64468934420081,-14.617756889912464,-14.750930094539775
652,42.98973305954826,Guys,1,47.13141632080078,44.83977159945412,4.141683261252524,1.85003853990586
653,46.220396988364136,Guys,2,45.897254943847656,45.15973718875654,-0.3231420445164801,-1.060659799607599
662,41.74127310061601,Guys,5,50.28813934326172,48.694128500625794,8.546866242645706,6.952855400009781
